year,month,day,week_day,requests
2015,3,26,3,385386
2015,3,27,4,795009
2015,3,28,5,406355
2015,3,29,6,310390
2015,3,30,0,929001
2015,3,31,1,906258
2015,4,1,2,943151
2015,4,2,3,803550
2015,4,3,4,349489
2015,4,4,5,433734
2015,4,5,6,326275
2015,4,6,0,313033
2015,4,7,1,897724
2015,4,8,2,866376
2015,4,9,3,800655
2015,4,10,4,752775
2015,4,11,5,433768
2015,4,12,6,303245
2015,4,13,0,873915
2015,4,14,1,836327
2015,4,15,2,820601
2015,4,16,3,789755
2015,4,17,4,766891
2015,4,18,5,376155
2015,4,19,6,296529
2015,4,20,0,898881
2015,4,21,1,825802
2015,4,22,2,824414
2015,4,23,3,800472
2015,4,24,4,758754
2015,4,25,5,401621
2015,4,26,6,315156
2015,4,27,0,910524
2015,4,28,1,854993
2015,4,29,2,860205
2015,4,30,3,807949
2015,5,1,4,552012
2015,5,2,5,369795
2015,5,3,6,309863
2015,5,4,0,940195
2015,5,5,1,868080
2015,5,6,2,866030
2015,5,7,3,819016
2015,5,8,4,788470
2015,5,9,5,381601
2015,5,10,6,318947
2015,5,11,0,882833
2015,5,12,1,835162
2015,5,13,2,832204
2015,5,14,3,290339
2015,5,15,4,633939
2015,5,16,5,351508
2015,5,17,6,281846
2015,5,18,0,900321
2015,5,19,1,842025
2015,5,20,2,861179
2015,5,21,3,808502
2015,5,22,4,758295
2015,5,23,5,385116
2015,5,24,6,250800
2015,5,25,0,309970
2015,5,26,1,911141
2015,5,27,2,882317
2015,5,28,3,824967
2015,5,29,4,772286
2015,5,30,5,359188
2015,5,31,6,291164
2015,6,1,0,893609
2015,6,2,1,838220
2015,6,3,2,831053
2015,6,4,3,663391
2015,6,5,4,723932
2015,6,6,5,338174
2015,6,7,6,285787
2015,6,8,0,904048
2015,6,9,1,840137
2015,6,10,2,838983
2015,6,11,3,783332
2015,6,12,4,739200
2015,6,13,5,350778
2015,6,14,6,289631
2015,6,15,0,884314
2015,6,16,1,830441
2015,6,17,2,1513302
2015,6,18,3,1461679
2015,6,19,4,1452672
2015,6,20,5,780293
2015,6,21,6,597918
2015,6,22,0,1504957
2015,6,23,1,1476877
2015,6,24,2,1490897
2015,6,25,3,1442956
2015,6,26,4,1459729
2015,6,27,5,771775
2015,6,28,6,595874
2015,6,29,0,1432895
2015,6,30,1,1488572
2015,7,1,2,1503858
2015,7,2,3,1140259
2015,7,3,4,1131656
2015,7,4,5,780335
2015,7,5,6,590669
2015,7,6,0,1426889
2015,7,7,1,1416463
2015,7,8,2,1370589
2015,7,9,3,1380677
2015,7,10,4,1305222
2015,7,11,5,701548
2015,7,12,6,525954
2015,7,13,0,1334733
2015,7,14,1,1311017
2015,7,15,2,1314640
2015,7,16,3,1277884
2015,7,17,4,1240437
2015,7,18,5,686404
2015,7,19,6,531845
2015,7,20,0,1265315
2015,7,21,1,1236486
2015,7,22,2,1196297
2015,7,23,3,1205792
2015,7,24,4,1164639
2015,7,25,5,651780
2015,7,26,6,486946
2015,7,27,0,1190289
2015,7,28,1,1151772
2015,7,29,2,1123256
2015,7,30,3,1125940
2015,7,31,4,1079924
2015,8,1,5,545177
2015,8,2,6,497708
2015,8,3,0,1169330
2015,8,4,1,1172471
2015,8,5,2,1168385
2015,8,6,3,1150276
2015,8,7,4,1091467
2015,8,8,5,667830
2015,8,9,6,521817
2015,8,10,0,1302459
2015,8,11,1,1253073
2015,8,12,2,1226814
2015,8,13,3,1223201
2015,8,14,4,1182994
2015,8,15,5,638073
2015,8,16,6,521773
2015,8,17,0,1365690
2015,8,18,1,1361463
2015,8,19,2,1355603
2015,8,20,3,1330685
2015,8,21,4,1302864
2015,8,22,5,713152
2015,8,23,6,541906
2015,8,24,0,1473465
2015,8,25,1,1446106
2015,8,26,2,1434657
2015,8,27,3,1401980
2015,8,28,4,1397436
2015,8,29,5,756622
2015,8,30,6,576721
2015,8,31,0,1502520
2015,9,1,1,1463613
2015,9,2,2,1512263
2015,9,3,3,1425483
2015,9,4,4,1402862
2015,9,5,5,764316
2015,9,6,6,569975
2015,9,7,0,1454381
2015,9,8,1,1413561
2015,9,9,2,1412463
2015,9,10,3,1271543
2015,9,11,4,1340316
2015,9,12,5,718585
2015,9,13,6,546420
2015,9,14,0,1459173
2015,9,15,1,1439568
2015,9,16,2,1416421
2015,9,17,3,1399997
2015,9,18,4,1398816
2015,9,19,5,733158
2015,9,20,6,546900
2015,9,21,0,1357000
2015,9,22,1,1447317
2015,9,23,2,1436113
2015,9,24,3,1449797
2015,9,25,4,1427916
2015,9,26,5,756619
2015,9,27,6,553130
2015,9,28,0,1445952
2015,9,29,1,1405385
2015,9,30,2,1441818
2015,10,1,3,1391509
2015,10,2,4,1486823
2015,10,3,5,816968
2015,10,4,6,615412
2015,10,5,0,1535829
2015,10,6,1,1480128
2015,10,7,2,1502742
2015,10,8,3,1442722
2015,10,9,4,1424852
2015,10,10,5,784943
2015,10,11,6,589769
2015,10,12,0,1503069
2015,10,13,1,1487464
2015,10,14,2,1496619
2015,10,15,3,1483158
2015,10,16,4,1478704
2015,10,17,5,812267
2015,10,18,6,600081
2015,10,19,0,1585561
2015,10,20,1,1485570
2015,10,21,2,1512067
2015,10,22,3,1458237
2015,10,23,4,1437876
2015,10,24,5,789759
2015,10,25,6,606080
2015,10,26,0,1558844
2015,10,27,1,1511253
2015,10,28,2,1542923
2015,10,29,3,1496664
2015,10,30,4,1477704
2015,10,31,5,832151
2015,11,1,6,600075
2015,11,2,0,1552451
2015,11,3,1,1506761
2015,11,4,2,1549450
2015,11,5,3,1520994
2015,11,6,4,1580203
2015,11,7,5,945785
2015,11,8,6,688173
2015,11,9,0,1767890
2015,11,10,1,1863797
2015,11,11,2,1992948
2015,11,12,3,2238976
2015,11,13,4,2308991
2015,11,14,5,1648636
2015,11,15,6,1258117
2015,11,16,0,2204717
2015,11,17,1,2175185
2015,11,18,2,2191773
2015,11,19,3,2202594
2015,11,20,4,2548387
2015,11,21,5,1970394
2015,11,22,6,1458485
2015,11,23,0,2612594
2015,11,24,1,2866034
2015,11,25,2,3469716
2015,11,26,3,3722380
2015,11,27,4,4342751
2015,11,28,5,3789030
2015,11,29,6,2918411
2015,11,30,0,4313653
2015,12,1,1,4556005
2015,12,2,2,4801947
2015,12,3,3,4848526
2015,12,4,4,5206985
2015,12,5,5,4527471
2015,12,6,6,3534979
2015,12,7,0,4913740
2015,12,8,1,4633913
2015,12,9,2,4907288
2015,12,10,3,4895173
2015,12,11,4,5118604
2015,12,12,5,4409309
2015,12,13,6,3450890
2015,12,14,0,4800417
2015,12,15,1,4787643
2015,12,16,2,5044855
2015,12,17,3,5054475
2015,12,18,4,5588284
2015,12,19,5,5198421
2015,12,20,6,3904399
2015,12,21,0,5278887
2015,12,22,1,5367075
2015,12,23,2,5778539
2015,12,24,3,5192294
2015,12,25,4,4027691
2015,12,26,5,4396306
2015,12,27,6,4328153
2015,12,28,0,5253462
2015,12,29,1,5102262
2015,12,30,2,5117102
2015,12,31,3,4757872
2016,1,1,4,4208847
2016,1,2,5,4448124
2016,1,3,6,3777988
2016,1,4,0,4783010
2016,1,5,1,4626268
2016,1,6,2,4431743
2016,1,7,3,4600994
2016,1,8,4,4710531
2016,1,9,5,4194955
2016,1,10,6,3323234
2016,1,11,0,4654166
2016,1,12,1,4543579
2016,1,13,2,4609309
2016,1,14,3,4473466
2016,1,15,4,4715837
2016,1,16,5,4071499
2016,1,17,6,3226477
2016,1,18,0,4491368
2016,1,19,1,4343697
2016,1,20,2,4498018
2016,1,21,3,4500941
2016,1,22,4,4865154
2016,1,23,5,4212142
2016,1,24,6,3417471
2016,1,25,0,4752963
2016,1,26,1,4608034
2016,1,27,2,4683987
2016,1,28,3,4640833
2016,1,29,4,5005014
2016,1,30,5,4470870
2016,1,31,6,3347757
2016,2,1,0,4849578
2016,2,2,1,4685719
2016,2,3,2,4666214
2016,2,4,3,4667785
2016,2,5,4,5068583
2016,2,6,5,4494889
2016,2,7,6,3391748
2016,2,8,0,4843830
2016,2,9,1,4808881
2016,2,10,2,4906387
2016,2,11,3,4973302
2016,2,12,4,5174811
2016,2,13,5,4475591
2016,2,14,6,3564785
2016,2,15,0,4923176
2016,2,16,1,4751041
2016,2,17,2,4829560
2016,2,18,3,4860142
2016,2,19,4,5028578
2016,2,20,5,4432298
2016,2,21,6,3866418
2016,2,22,0,4948188
2016,2,23,1,4721801
2016,2,24,2,4817596
2016,2,25,3,4880314
2016,2,26,4,5264995
2016,2,27,5,4678758
2016,2,28,6,3624992
2016,2,29,0,5040268
2016,3,1,1,4938744
2016,3,2,2,4930388
2016,3,3,3,5031380
2016,3,4,4,5216230
2016,3,5,5,4565803
2016,3,6,6,3678726
2016,3,7,0,4997634
2016,3,8,1,4910363
2016,3,9,2,4907455
2016,3,10,3,5049369
2016,3,11,4,5202077
2016,3,12,5,4593780
2016,3,13,6,3665937
2016,3,14,0,4946168
2016,3,15,1,4773818
2016,3,16,2,4824912
2016,3,17,3,4891137
2016,3,18,4,5216623
2016,3,19,5,4737486
2016,3,20,6,3666770
2016,3,21,0,4930015
2016,3,22,1,5058437
2016,3,23,2,5833576
2016,3,24,3,5698078
2016,3,25,4,5042818
2016,3,26,5,5388838
2016,3,27,6,4252237
2016,3,28,0,4448262
2016,3,29,1,5416450
2016,3,30,2,5237471
2016,3,31,3,5187766
2016,4,1,4,5418235
2016,4,2,5,4792564
2016,4,3,6,3889951
2016,4,4,0,5048345
2016,4,5,1,4888465
2016,4,6,2,5121285
2016,4,7,3,4946014
2016,4,8,4,5146053
2016,4,9,5,4695920
2016,4,10,6,3902675
2016,4,11,0,5052664
2016,4,12,1,4887383
2016,4,13,2,4898115
2016,4,14,3,4957842
2016,4,15,4,5277091
2016,4,16,5,4734410
2016,4,17,6,3727140
2016,4,18,0,5169832
2016,4,19,1,5007224
2016,4,20,2,5157395
2016,4,21,3,5084041
2016,4,22,4,5351592
2016,4,23,5,4731918
2016,4,24,6,3843138
2016,4,25,0,5104071
2016,4,26,1,4979090
2016,4,27,2,5099702
2016,4,28,3,5120314
2016,4,29,4,5483193
2016,4,30,5,4884980
2016,5,1,6,3895912
2016,5,2,0,5222992
2016,5,3,1,5192001
2016,5,4,2,5741567
2016,5,5,3,5069654
2016,5,6,4,5812494
2016,5,7,5,5296687
2016,5,8,6,4803268
2016,5,9,0,5281903
2016,5,10,1,5097369
2016,5,11,2,5134418
2016,5,12,3,5175792
2016,5,13,4,5706508
2016,5,14,5,5326558
2016,5,15,6,4463885
2016,5,16,0,4346039
2016,5,17,1,5305211
2016,5,18,2,5225921
2016,5,19,3,5082905
2016,5,20,4,5466956
2016,5,21,5,4911035
2016,5,22,6,3963564
2016,5,23,0,5101459
2016,5,24,1,5048246
2016,5,25,2,5317110
2016,5,26,3,5108969
2016,5,27,4,5696039
2016,5,28,5,5035734
2016,5,29,6,4000050
2016,5,30,0,5262713
2016,5,31,1,5105778
2016,6,1,2,5222660
2016,6,2,3,5170073
2016,6,3,4,5517412
2016,6,4,5,4852345
2016,6,5,6,3996432
2016,6,6,0,5226783
2016,6,7,1,5171463
2016,6,8,2,5142543
2016,6,9,3,5188634
2016,6,10,4,5508030
2016,6,11,5,4710742
2016,6,12,6,3825623
2016,6,13,0,5110624
2016,6,14,1,5018568
2016,6,15,2,5115986
2016,6,16,3,5036546
2016,6,17,4,5442964
2016,6,18,5,4818585
2016,6,19,6,3955713
2016,6,20,0,5211774
2016,6,21,1,5024092
2016,6,22,2,5269602
2016,6,23,3,5278223
2016,6,24,4,5696764
2016,6,25,5,5005409
2016,6,26,6,4144020
2016,6,27,0,5412389
2016,6,28,1,5294931
2016,6,29,2,5361362
2016,6,30,3,5453116
2016,7,1,4,5828787
2016,7,2,5,5202817
2016,7,3,6,4497561
2016,7,4,0,5447313
2016,7,5,1,5477340
2016,7,6,2,5554798
2016,7,7,3,5522312
2016,7,8,4,5940342
2016,7,9,5,5926911
2016,7,10,6,5029550
2016,7,11,0,5848021
2016,7,12,1,5489958
2016,7,13,2,5437516
2016,7,14,3,5495343
2016,7,15,4,6038740
2016,7,16,5,5969095
2016,7,17,6,4957079
2016,7,18,0,5671098
2016,7,19,1,5472434
2016,7,20,2,5670943
2016,7,21,3,5965949
2016,7,22,4,6175701
2016,7,23,5,6089294
2016,7,24,6,5020484
2016,7,25,0,5768390
2016,7,26,1,5688934
2016,7,27,2,5735892
2016,7,28,3,5823078
2016,7,29,4,6312062
2016,7,30,5,6117053
2016,7,31,6,5078271
2016,8,1,0,5374721
2016,8,2,1,5514260
2016,8,3,2,5383924
2016,8,4,3,5335652
2016,8,5,4,5648360
2016,8,6,5,5318109
2016,8,7,6,4687065
2016,8,8,0,5342289
2016,8,9,1,5067633
2016,8,10,2,5514693
2016,8,11,3,5494274
2016,8,12,4,5515084
2016,8,13,5,5313684
2016,8,14,6,4507855
2016,8,15,0,5057300
2016,8,16,1,5155077
2016,8,17,2,5087767
2016,8,18,3,4978650
2016,8,19,4,5127943
2016,8,20,5,4572040
2016,8,21,6,3911148
2016,8,22,0,4936917
2016,8,23,1,4788425
2016,8,24,2,4860577
2016,8,25,3,4958672
2016,8,26,4,5355239
2016,8,27,5,4862296
2016,8,28,6,4189991
2016,8,29,0,5021058
2016,8,30,1,4860550
2016,8,31,2,4934421
2016,9,1,3,4930402
2016,9,2,4,5255208
2016,9,3,5,4725775
2016,9,4,6,3842026
2016,9,5,0,4970823
2016,9,6,1,4873660
2016,9,7,2,5003766
2016,9,8,3,4897844
2016,9,9,4,5242211
2016,9,10,5,4725301
2016,9,11,6,3981961
2016,9,12,0,5115877
2016,9,13,1,4991038
2016,9,14,2,5104383
2016,9,15,3,5004820
2016,9,16,4,5303505
2016,9,17,5,4702314
2016,9,18,6,3732533
2016,9,19,0,4940075
2016,9,20,1,4747460
2016,9,21,2,5299230
2016,9,22,3,4916085
2016,9,23,4,5180628
2016,9,24,5,4869449
2016,9,25,6,4079789
2016,9,26,0,4936659
2016,9,27,1,4735257
2016,9,28,2,5035005
2016,9,29,3,5164245
2016,9,30,4,5350183
2016,10,1,5,4758987
2016,10,2,6,3849745
2016,10,3,0,5002612
2016,10,4,1,5025850
2016,10,5,2,5079978
2016,10,6,3,5107527
2016,10,7,4,5403437
2016,10,8,5,4998466
2016,10,9,6,4047637
2016,10,10,0,5143292
2016,10,11,1,4974898
2016,10,12,2,5053273
2016,10,13,3,5015447
2016,10,14,4,5340216
2016,10,15,5,4850681
2016,10,16,6,4052364
2016,10,17,0,4958518
2016,10,18,1,4862272
2016,10,19,2,4917676
2016,10,20,3,4866272
2016,10,21,4,5162080
2016,10,22,5,4662578
2016,10,23,6,3483727
2016,10,24,0,4703796
2016,10,25,1,4634632
2016,10,26,2,4800961
2016,10,27,3,4824013
2016,10,28,4,5179165
2016,10,29,5,4741056
2016,10,30,6,3867592
2016,10,31,0,4837143
2016,11,1,1,4274466
2016,11,2,2,4677539
2016,11,3,3,4897796
2016,11,4,4,5306501
2016,11,5,5,4291214
2016,11,6,6,3256576
2016,11,7,0,4573940
2016,11,8,1,4551612
2016,11,9,2,5141625
2016,11,10,3,4517994
2016,11,11,4,4755427
2016,11,12,5,4209703
2016,11,13,6,3156363
2016,11,14,0,4417428
2016,11,15,1,4300483
2016,11,16,2,5560663
2016,11,17,3,4427714
2016,11,18,4,4696113
2016,11,19,5,4115909
2016,11,20,6,3281213
2016,11,21,0,4423239
2016,11,22,1,4237801
2016,11,23,2,4420642
2016,11,24,3,4412976
2016,11,25,4,5064451
2016,11,26,5,4609803
2016,11,27,6,3592837
2016,11,28,0,4603410
2016,11,29,1,4312252
2016,11,30,2,4431578
2016,12,1,3,4483163
2016,12,2,4,4832832
2016,12,3,5,4371767
2016,12,4,6,3366256
2016,12,5,0,4498540
2016,12,6,1,4364827
2016,12,7,2,4576991
2016,12,8,3,4477477
2016,12,9,4,4977782
2016,12,10,5,4594280
2016,12,11,6,3566150
2016,12,12,0,4509284
2016,12,13,1,4455298
2016,12,14,2,4522394
2016,12,15,3,4547821
2016,12,16,4,4937662
2016,12,17,5,4617764
2016,12,18,6,3503219
2016,12,19,0,4588638
2016,12,20,1,4481572
2016,12,21,2,4717530
2016,12,22,3,4949519
2016,12,23,4,5514634
2016,12,24,5,4454578
2016,12,25,6,3396702
2016,12,26,0,3715490
2016,12,27,1,4462890
2016,12,28,2,4501691
2016,12,29,3,4411935
2016,12,30,4,4530054
2016,12,31,5,4068934
2017,1,1,6,3797649
2017,1,2,0,3900528
2017,1,3,1,4166776
2017,1,4,2,4124645
2017,1,5,3,4077289
2017,1,6,4,4087585
2017,1,7,5,3876816
2017,1,8,6,3035321
2017,1,9,0,4152773
2017,1,10,1,3963897
2017,1,11,2,4093354
2017,1,12,3,4037229
2017,1,13,4,4304708
2017,1,14,5,3794664
2017,1,15,6,2987385
2017,1,16,0,4072170
2017,1,17,1,3932136
2017,1,18,2,4022323
2017,1,19,3,3945878
2017,1,20,4,4211077
2017,1,21,5,3885858
2017,1,22,6,3052829
2017,1,23,0,4002419
2017,1,24,1,3896316
2017,1,25,2,4123913
2017,1,26,3,4083847
2017,1,27,4,4469740
2017,1,28,5,4105118
2017,1,29,6,3245485
2017,1,30,0,4251509
2017,1,31,1,4149248
2017,2,1,2,4198004
2017,2,2,3,4161503
2017,2,3,4,4457775
2017,2,4,5,3907441
2017,2,5,6,3045803
2017,2,6,0,4233345
2017,2,7,1,4091400
2017,2,8,2,4130672
2017,2,9,3,4136972
2017,2,10,4,4455661
2017,2,11,5,4061829
2017,2,12,6,3290585
2017,2,13,0,4256071
2017,2,14,1,4233364
2017,2,15,2,4259150
2017,2,16,3,4207650
2017,2,17,4,4323336
2017,2,18,5,4064355
2017,2,19,6,3325642
2017,2,20,0,4226082
2017,2,21,1,4077990
2017,2,22,2,4245122
2017,2,23,3,4299922
2017,2,24,4,4617067
2017,2,25,5,4261971
2017,2,26,6,3346728
2017,2,27,0,4381716
2017,2,28,1,4263519
2017,3,1,2,4491781
2017,3,2,3,4356743
2017,3,3,4,4641170
2017,3,4,5,4163866
2017,3,5,6,3296335
2017,3,6,0,4318349
2017,3,7,1,4170238
2017,3,8,2,4342317
2017,3,9,3,4464516
2017,3,10,4,4853821
2017,3,11,5,4218827
2017,3,12,6,3335380
2017,3,13,0,4364435
2017,3,14,1,4136319
2017,3,15,2,4191953
2017,3,16,3,4213212
2017,3,17,4,4530862
2017,3,18,5,3974466
2017,3,19,6,3242218
2017,3,20,0,4262691
2017,3,21,1,4132414
2017,3,22,2,4260808
2017,3,23,3,4330300
2017,3,24,4,4618917
2017,3,25,5,4240465
2017,3,26,6,3220535
2017,3,27,0,4377010
2017,3,28,1,4254889
2017,3,29,2,5242236
2017,3,30,3,4419456
2017,3,31,4,4765174
2017,4,1,5,4335710
2017,4,2,6,3372592
2017,4,3,0,4438625
2017,4,4,1,4453323
2017,4,5,2,4428877
2017,4,6,3,4448340
2017,4,7,4,4915799
2017,4,8,5,4761140
2017,4,9,6,3917267
2017,4,10,0,4831232
2017,4,11,1,4707493
2017,4,12,2,5064795
2017,4,13,3,5830294
2017,4,14,4,5773804
2017,4,15,5,5539618
2017,4,16,6,4839196
2017,4,17,0,5075640
2017,4,18,1,5442958
2017,4,19,2,5172838
2017,4,20,3,5160141
2017,4,21,4,5471916
2017,4,22,5,5083935
2017,4,23,6,4286667
2017,4,24,0,4908064
2017,4,25,1,4667044
2017,4,26,2,4812945
2017,4,27,3,4805372
2017,4,28,4,6293597
2017,4,29,5,5226773
2017,4,30,6,4381965
2017,5,1,0,4183812
2017,5,2,1,4606042
2017,5,3,2,4656067
2017,5,4,3,4602315
2017,5,5,4,5207494
2017,5,6,5,4733384
2017,5,7,6,3746005
2017,5,8,0,4650861
2017,5,9,1,4539511
2017,5,10,2,4760748
2017,5,11,3,4639179
2017,5,12,4,5110621
2017,5,13,5,4869317
2017,5,14,6,4029530
2017,5,15,0,4726379
2017,5,16,1,4636133
2017,5,17,2,4694029
2017,5,18,3,4587074
2017,5,19,4,4910377
2017,5,20,5,4621914
2017,5,21,6,3941213
2017,5,22,0,4655053
2017,5,23,1,4864264
2017,5,24,2,5631656
2017,5,25,3,5468240
2017,5,26,4,6153036
2017,5,27,5,5408558
2017,5,28,6,4947168
2017,5,29,0,5079894
2017,5,30,1,4902796
2017,5,31,2,4965083
2017,6,1,3,4953495
2017,6,2,4,5545520
2017,6,3,5,5311781
2017,6,4,6,4385205
2017,6,5,0,4374941
2017,6,6,1,4920107
2017,6,7,2,4806493
2017,6,8,3,4836242
2017,6,9,4,4953635
2017,6,10,5,4428355
2017,6,11,6,3677712
2017,6,12,0,4694382
2017,6,13,1,4490060
2017,6,14,2,4698773
2017,6,15,3,6737930
2017,6,16,4,5190045
2017,6,17,5,4598530
2017,6,18,6,3924074
2017,6,19,0,4734374
2017,6,20,1,4661286
2017,6,21,2,4677854
2017,6,22,3,4694284
2017,6,23,4,5124431
2017,6,24,5,4715798
2017,6,25,6,4089734
2017,6,26,0,4869361
2017,6,27,1,4693749
2017,6,28,2,4877929
2017,6,29,3,4817170
2017,6,30,4,5249161
2017,7,1,5,4782722
2017,7,2,6,3846074
2017,7,3,0,4894105
2017,7,4,1,4762005
2017,7,5,2,4768872
2017,7,6,3,4896044
2017,7,7,4,5285605
2017,7,8,5,5223835
2017,7,9,6,4141900
2017,7,10,0,5059342
2017,7,11,1,4452313
2017,7,12,2,5155179
2017,7,13,3,5281702
2017,7,14,4,5675506
2017,7,15,5,5864676
2017,7,16,6,4808136
2017,7,17,0,5384463
2017,7,18,1,5183177
2017,7,19,2,6636892
2017,7,20,3,5493322
2017,7,21,4,6030057
2017,7,22,5,6147648
2017,7,23,6,4996488
2017,7,24,0,5544580
2017,7,25,1,5391341
2017,7,26,2,5611162
2017,7,27,3,5731270
2017,7,28,4,6220208
2017,7,29,5,6309041
2017,7,30,6,5289645
2017,7,31,0,5754326
2017,8,1,1,5206927
2017,8,2,2,5344133
2017,8,3,3,5332569
2017,8,4,4,5993776
2017,8,5,5,5735722
2017,8,6,6,4750109
2017,8,7,0,5346605
2017,8,8,1,4934471
2017,8,9,2,5152391
2017,8,10,3,5220659
2017,8,11,4,5335671
2017,8,12,5,5384129
2017,8,13,6,4550957
2017,8,14,0,5018869
2017,8,15,1,4660942
2017,8,16,2,4696644
2017,8,17,3,4383654
2017,8,18,4,5085612
2017,8,19,5,4811385
2017,8,20,6,4035184
2017,8,21,0,4565260
2017,8,22,1,4404638
2017,8,23,2,4362313
2017,8,24,3,4478983
2017,8,25,4,4898211
2017,8,26,5,4608011
2017,8,27,6,3806200
2017,8,28,0,4428273
2017,8,29,1,4452377
2017,8,30,2,4479051
2017,8,31,3,4361130
2017,9,1,4,4936986
2017,9,2,5,4456326
2017,9,3,6,3802057
2017,9,4,0,4612433
2017,9,5,1,4511650
2017,9,6,2,4585506
2017,9,7,3,4562068
2017,9,8,4,5515111
2017,9,9,5,4481945
2017,9,10,6,3794331
2017,9,11,0,4635789
2017,9,12,1,4422992
2017,9,13,2,4472159
2017,9,14,3,4470232
2017,9,15,4,4915905
2017,9,16,5,4505953
2017,9,17,6,3666055
2017,9,18,0,4428174
2017,9,19,1,4277415
2017,9,20,2,4413059
2017,9,21,3,4439974
2017,9,22,4,4824418
2017,9,23,5,4553705
2017,9,24,6,3787653
2017,9,25,0,4560990
2017,9,26,1,4409988
2017,9,27,2,4562230
2017,9,28,3,4666215
2017,9,29,4,5163109
2017,9,30,5,4882450
2017,10,1,6,4003210
2017,10,2,0,4799717
2017,10,3,1,4437353
2017,10,4,2,4619199
2017,10,5,3,4687658
2017,10,6,4,5008686
2017,10,7,5,4880596
2017,10,8,6,3892138
2017,10,9,0,4704762
2017,10,10,1,4594171
2017,10,11,2,4680900
2017,10,12,3,4721735
2017,10,13,4,5048518
2017,10,14,5,4777238
2017,10,15,6,4008159
2017,10,16,0,4513728
2017,10,17,1,4344094
2017,10,18,2,4389734
2017,10,19,3,4323487
2017,10,20,4,4623675
2017,10,21,5,4235116
2017,10,22,6,3270308
2017,10,23,0,4124088
2017,10,24,1,4038368
2017,10,25,2,4161808
2017,10,26,3,4155778
2017,10,27,4,4510317
2017,10,28,5,4194248
2017,10,29,6,3238777
2017,10,30,0,4210325
2017,10,31,1,4067287
2017,11,1,2,3734593
2017,11,2,3,4032306
2017,11,3,4,4358695
2017,11,4,5,3912945
2017,11,5,6,2977198
2017,11,6,0,3996792
2017,11,7,1,3846631
2017,11,8,2,3903061
2017,11,9,3,3900079
2017,11,10,4,4226698
2017,11,11,5,3790972
2017,11,12,6,2947560
2017,11,13,0,3941035
2017,11,14,1,3791253
2017,11,15,2,3871592
2017,11,16,3,3835787
2017,11,17,4,4248072
2017,11,18,5,3696781
2017,11,19,6,2860964
2017,11,20,0,3836370
2017,11,21,1,3719150
2017,11,22,2,3835978
2017,11,23,3,3863116
2017,11,24,4,4342842
2017,11,25,5,3752625
2017,11,26,6,2898377
2017,11,27,0,3910073
2017,11,28,1,3784010
2017,11,29,2,3861469
2017,11,30,3,3966089
2017,12,1,4,4247419
2017,12,2,5,3701171
2017,12,3,6,2870994
2017,12,4,0,3870739
2017,12,5,1,4022893
2017,12,6,2,3895751
2017,12,7,3,3935773
2017,12,8,4,4118441
2017,12,9,5,3538306
2017,12,10,6,2854321
2017,12,11,0,3988076
2017,12,12,1,3833336
2017,12,13,2,3855951
2017,12,14,3,3960113
2017,12,15,4,4081870
2017,12,16,5,3768699
2017,12,17,6,2902843
2017,12,18,0,3911613
2017,12,19,1,3888012
2017,12,20,2,4100907
2017,12,21,3,4258049
2017,12,22,4,4867460
2017,12,23,5,4671379
2017,12,24,6,3281371
2017,12,25,0,3070044
2017,12,26,1,3379329
2017,12,27,2,4080559
2017,12,28,3,3944700
2017,12,29,4,4167273
2017,12,30,5,3818058
2017,12,31,6,3326136
2018,1,1,0,3295453
2018,1,2,1,3612052
2018,1,3,2,3892934
2018,1,4,3,3772694
2018,1,5,4,3971612
2018,1,6,5,3472616
2018,1,7,6,2815776
2018,1,8,0,3760107
2018,1,9,1,3564174
2018,1,10,2,3609335
2018,1,11,3,3539987
2018,1,12,4,3756201
2018,1,13,5,3381066
2018,1,14,6,2623068
2018,1,15,0,3649824
2018,1,16,1,3492543
2018,1,17,2,3547751
2018,1,18,3,3518163
2018,1,19,4,3844498
2018,1,20,5,3292513
2018,1,21,6,2571710
2018,1,22,0,3664914
2018,1,23,1,3612597
2018,1,24,2,3752775
2018,1,25,3,3729029
2018,1,26,4,3949813
2018,1,27,5,3646967
2018,1,28,6,2940264
2018,1,29,0,3890398
2018,1,30,1,3734384
2018,1,31,2,3878880
2018,2,1,3,3757084
2018,2,2,4,4039735
2018,2,3,5,3566625
2018,2,4,6,2895721
2018,2,5,0,3754013
2018,2,6,1,3712840
2018,2,7,2,3793191
2018,2,8,3,3760072
2018,2,9,4,4115528
2018,2,10,5,3709196
2018,2,11,6,2995218
2018,2,12,0,3914778
2018,2,13,1,3800785
2018,2,14,2,2552177
2018,2,15,3,3800497
2018,2,16,4,4073721
2018,2,17,5,3544965
2018,2,18,6,2910381
2018,2,19,0,3768434
2018,2,20,1,3575192
2018,2,21,2,3709778
2018,2,22,3,3670239
2018,2,23,4,3981053
2018,2,24,5,3633312
2018,2,25,6,2822485
2018,2,26,0,3770744
2018,2,27,1,3617344
2018,2,28,2,3756100
2018,3,1,3,3854505
2018,3,2,4,4015546
2018,3,3,5,3633769
2018,3,4,6,2946266
2018,3,5,0,3878808
2018,3,6,1,3738503
2018,3,7,2,3800386
2018,3,8,3,4131060
2018,3,9,4,4063591
2018,3,10,5,3553005
2018,3,11,6,2760800
2018,3,12,0,4472939
2018,3,13,1,4559864
2018,3,14,2,4091482
2018,3,15,3,3784731
2018,3,16,4,4131194
2018,3,17,5,3547841
2018,3,18,6,2798535
2018,3,19,0,3767254
2018,3,20,1,3690798
2018,3,21,2,3821515
2018,3,22,3,4033090
2018,3,23,4,4155537
2018,3,24,5,3819808
2018,3,25,6,2927172
2018,3,26,0,3962315
2018,3,27,1,4274248
2018,3,28,2,4236306
2018,3,29,3,4813277
2018,3,30,4,4669768
2018,3,31,5,4521739
2018,4,1,6,3825170
2018,4,2,0,4087543
2018,4,3,1,4468737
2018,4,4,2,4266166
2018,4,5,3,4319284
2018,4,6,4,4630801
2018,4,7,5,4251006
2018,4,8,6,3506329
2018,4,9,0,4219552
2018,4,10,1,4161454
2018,4,11,2,4292588
2018,4,12,3,4279255
2018,4,13,4,4533269
2018,4,14,5,4139569
2018,4,15,6,3412909
2018,4,16,0,4288685
2018,4,17,1,4217813
2018,4,18,2,4231159
2018,4,19,3,4268716
2018,4,20,4,3929960
2018,4,21,5,4346437
2018,4,22,6,3649863
2018,4,23,0,4304092
2018,4,24,1,4275329
2018,4,25,2,4445593
2018,4,26,3,4426273
2018,4,27,4,4858418
2018,4,28,5,4560631
2018,4,29,6,3756919
2018,4,30,0,4665301
2018,5,1,1,3822996
2018,5,2,2,4451856
2018,5,3,3,4317860
2018,5,4,4,4712879
2018,5,5,5,4365367
2018,5,6,6,3555379
2018,5,7,0,4294610
2018,5,8,1,4187123
2018,5,9,2,4759511
2018,5,10,3,4238507
2018,5,11,4,5129893
2018,5,12,5,4648008
2018,5,13,6,3951633
2018,5,14,0,4348246
2018,5,15,1,4012295
2018,5,16,2,4210646
2018,5,17,3,4256424
2018,5,18,4,4771519
2018,5,19,5,4504942
2018,5,20,6,3803807
2018,5,21,0,3885205
2018,5,22,1,4256245
2018,5,23,2,4197983
2018,5,24,3,4211342
2018,5,25,4,4600441
2018,5,26,5,4158680
2018,5,27,6,3420597
2018,5,28,0,4291304
2018,5,29,1,4274742
2018,5,30,2,4457314
2018,5,31,3,4336012
2018,6,1,4,4738711
2018,6,2,5,4282298
2018,6,3,6,3590825
2018,6,4,0,4321225
2018,6,5,1,4225619
2018,6,6,2,4284665
2018,6,7,3,4339333
2018,6,8,4,4708856
2018,6,9,5,4281387
2018,6,10,6,3537768
2018,6,11,0,4372968
2018,6,12,1,4211939
2018,6,13,2,4303683
2018,6,14,3,4380285
2018,6,15,4,4749938
2018,6,16,5,4275720
2018,6,17,6,3531814
2018,6,18,0,4429643
2018,6,19,1,4349240
2018,6,20,2,4483663
2018,6,21,3,4483371
2018,6,22,4,4791652
2018,6,23,5,4454384
2018,6,24,6,3657157
2018,6,25,0,4554260
2018,6,26,1,4452442
2018,6,27,2,4521731
2018,6,28,3,4630054
2018,6,29,4,4981684
2018,6,30,5,4607107
2018,7,1,6,3872906
2018,7,2,0,4576856
2018,7,3,1,4345115
2018,7,4,2,4463374
2018,7,5,3,4518968
2018,7,6,4,4825268
2018,7,7,5,4790815
2018,7,8,6,4033189
2018,7,9,0,4723918
2018,7,10,1,4541756
2018,7,11,2,4618924
2018,7,12,3,4908219
2018,7,13,4,5215400
2018,7,14,5,5272611
2018,7,15,6,4307373
2018,7,16,0,5082430
2018,7,17,1,4920616
2018,7,18,2,4954920
2018,7,19,3,5055583
2018,7,20,4,5503308
2018,7,21,5,5532831
2018,7,22,6,4633677
2018,7,23,0,5183950
2018,7,24,1,5070828
2018,7,25,2,5240444
2018,7,26,3,5460549
2018,7,27,4,5999179
2018,7,28,5,5766290
2018,7,29,6,4968428
2018,7,30,0,5371052
2018,7,31,1,5369190
2018,8,1,2,4875230
2018,8,2,3,5045678
2018,8,3,4,5376159
2018,8,4,5,5216477
2018,8,5,6,4428565
2018,8,6,0,4825128
2018,8,7,1,4690594
2018,8,8,2,4678330
2018,8,9,3,4688583
2018,8,10,4,5069916
2018,8,11,5,4901646
2018,8,12,6,4041120
2018,8,13,0,4450117
2018,8,14,1,4355841
2018,8,15,2,4227848
2018,8,16,3,4432204
2018,8,17,4,4695262
2018,8,18,5,4486123
2018,8,19,6,3748782
2018,8,20,0,4345325
2018,8,21,1,4160216
2018,8,22,2,4177982
2018,8,23,3,4218811
2018,8,24,4,4556405
2018,8,25,5,4213800
2018,8,26,6,3583664
2018,8,27,0,4283505
2018,8,28,1,4171461
2018,8,29,2,4220942
2018,8,30,3,4203162
2018,8,31,4,4563247
2018,9,1,5,4326089
2018,9,2,6,3548466
2018,9,3,0,4316149
2018,9,4,1,4200177
2018,9,5,2,4289576
2018,9,6,3,4209920
2018,9,7,4,4619415
2018,9,8,5,4391371
2018,9,9,6,3775284
2018,9,10,0,4406377
2018,9,11,1,4198522
2018,9,12,2,4240042
2018,9,13,3,4221980
2018,9,14,4,4602728
2018,9,15,5,4336893
2018,9,16,6,3640416
2018,9,17,0,4256051
2018,9,18,1,4105204
2018,9,19,2,4171325
2018,9,20,3,4208915
2018,9,21,4,4496524
2018,9,22,5,4190098
2018,9,23,6,3514655
2018,9,24,0,4216869
2018,9,25,1,4178381
2018,9,26,2,4285194
2018,9,27,3,4327557
2018,9,28,4,4730091
2018,9,29,5,4511536
2018,9,30,6,3770641
2018,10,1,0,4420089
2018,10,2,1,4332228
2018,10,3,2,4319132
2018,10,4,3,4458856
2018,10,5,4,4819685
2018,10,6,5,4570828
2018,10,7,6,3727690
2018,10,8,0,4609696
2018,10,9,1,4482929
2018,10,10,2,4563877
2018,10,11,3,4559914
2018,10,12,4,4878935
2018,10,13,5,4565052
2018,10,14,6,3806175
2018,10,15,0,4374267
2018,10,16,1,4257186
2018,10,17,2,4271336
2018,10,18,3,4289118
2018,10,19,4,4556290
2018,10,20,5,4162371
2018,10,21,6,3404905
2018,10,22,0,4100997
2018,10,23,1,3925466
2018,10,24,2,3946847
2018,10,25,3,4051531
2018,10,26,4,4300753
2018,10,27,5,3848567
2018,10,28,6,3061991
2018,10,29,0,4119203
2018,10,30,1,4003989
2018,10,31,2,4145578
2018,11,1,3,3703076
2018,11,2,4,4211495
2018,11,3,5,3772581
2018,11,4,6,3010597
2018,11,5,0,3840633
2018,11,6,1,3782741
2018,11,7,2,3824728
2018,11,8,3,3774344
2018,11,9,4,4011480
2018,11,10,5,3533543
2018,11,11,6,2800392
2018,11,12,0,3759486
2018,11,13,1,3588994
2018,11,14,2,3662433
2018,11,15,3,3690361
2018,11,16,4,3916930
2018,11,17,5,3446847
2018,11,18,6,2778511
2018,11,19,0,3645267
2018,11,20,1,3516101
2018,11,21,2,3549715
2018,11,22,3,3590272
2018,11,23,4,4092083
2018,11,24,5,3572990
2018,11,25,6,2743268
2018,11,26,0,3730655
2018,11,27,1,3592022
2018,11,28,2,3667151
2018,11,29,3,3705368
2018,11,30,4,4009596
2018,12,1,5,3513540
2018,12,2,6,2653999
2018,12,3,0,3805611
2018,12,4,1,3561066
2018,12,5,2,3593502
2018,12,6,3,3635998
2018,12,7,4,3968085
2018,12,8,5,3398299
2018,12,9,6,2702481
2018,12,10,0,3670743
2018,12,11,1,3536195
2018,12,12,2,3564928
2018,12,13,3,3569560
2018,12,14,4,3831122
2018,12,15,5,3455768
2018,12,16,6,2615838
2018,12,17,0,3734391
2018,12,18,1,3622404
2018,12,19,2,3749131
2018,12,20,3,3994306
2018,12,21,4,4589611
2018,12,22,5,4561234
2018,12,23,6,3738645
2018,12,24,0,3657182
2018,12,25,1,2962451
2018,12,26,2,3362062
2018,12,27,3,3975296
2018,12,28,4,4057794
2018,12,29,5,3890439
2018,12,30,6,3293407
2018,12,31,0,3725154
2019,1,1,1,3220112
2019,1,2,2,3569067
2019,1,3,3,3759019
2019,1,4,4,3811129
2019,1,5,5,3471310
2019,1,6,6,2726653
2019,1,7,0,3558036
2019,1,8,1,3329833
2019,1,9,2,3353931
2019,1,10,3,3346551
2019,1,11,4,3566613
2019,1,12,5,3136120
2019,1,13,6,2462904
2019,1,14,0,3106586
2019,1,15,1,3381084
2019,1,16,2,3418246
2019,1,17,3,3377414
2019,1,18,4,3636510
2019,1,19,5,3295818
2019,1,20,6,2500187
2019,1,21,0,3467434
2019,1,22,1,3343521
2019,1,23,2,3340260
2019,1,24,3,3346303
2019,1,25,4,3719514
2019,1,26,5,3326008
2019,1,27,6,2581695
2019,1,28,0,3580945
2019,1,29,1,3495144
2019,1,30,2,3469009
2019,1,31,3,3976669
2019,2,1,4,3710761
2019,2,2,5,3267341
2019,2,3,6,2556360
2019,2,4,0,3613596
2019,2,5,1,4123340
2019,2,6,2,3513746
2019,2,7,3,3492875
2019,2,8,4,3808758
2019,2,9,5,3387816
2019,2,10,6,2594186
2019,2,11,0,3592133
2019,2,12,1,3499749
2019,2,13,2,3568402
2019,2,14,3,3619604
2019,2,15,4,3812905
2019,2,16,5,3460670
2019,2,17,6,2844476
2019,2,18,0,3590745
2019,2,19,1,3482769
2019,2,20,2,3536496
2019,2,21,3,3577081
2019,2,22,4,3779662
2019,2,23,5,3388509
2019,2,24,6,2770801
2019,2,25,0,3673818
2019,2,26,1,3539472
2019,2,27,2,3584301
2019,2,28,3,3586051
2019,3,1,4,3671270
2019,3,2,5,3357751
2019,3,3,6,2675097
2019,3,4,0,3562186
2019,3,5,1,3519624
2019,3,6,2,3533408
2019,3,7,3,3504739
2019,3,8,4,3772858
2019,3,9,5,3312995
2019,3,10,6,2615952
2019,3,11,0,3562863
2019,3,12,1,3486002
2019,3,13,2,3474340
2019,3,14,3,3526539
2019,3,15,4,3780951
2019,3,16,5,3461787
2019,3,17,6,2638859
2019,3,18,0,3528286
2019,3,19,1,3388382
2019,3,20,2,3558275
2019,3,21,3,3583421
2019,3,22,4,3812678
2019,3,23,5,3454673
2019,3,24,6,2827634
2019,3,25,0,3665516
2019,3,26,1,3490070
2019,3,27,2,3582097
2019,3,28,3,3627336
2019,3,29,4,3928179
2019,3,30,5,3605786
2019,3,31,6,2900435
2019,4,1,0,3720892
2019,4,2,1,3518599
2019,4,3,2,3496411
2019,4,4,3,3548592
2019,4,5,4,3912277
2019,4,6,5,3544732
2019,4,7,6,2765799
2019,4,8,0,3779858
2019,4,9,1,3662325
2019,4,10,2,3702019
2019,4,11,3,3702151
2019,4,12,4,4401505
2019,4,13,5,3941019
2019,4,14,6,2953039
2019,4,15,0,3963176
2019,4,16,1,4052980
2019,4,17,2,4775955
2019,4,18,3,5327448
2019,4,19,4,4466804
2019,4,20,5,4466882
2019,4,21,6,4127615
2019,4,22,0,4102241
2019,4,23,1,4567022
2019,4,24,2,4349792
2019,4,25,3,4305883
2019,4,26,4,4598603
2019,4,27,5,4034317
2019,4,28,6,3295786
2019,4,29,0,4151323
2019,4,30,1,4121764
2019,5,1,2,3576912
2019,5,2,3,3932076
2019,5,3,4,4181410
2019,5,4,5,3746443
2019,5,5,6,3017730
2019,5,6,0,3781713
2019,5,7,1,3703408
2019,5,8,2,3708386
2019,5,9,3,3779731
2019,5,10,4,4061304
2019,5,11,5,3599140
2019,5,12,6,2994014
2019,5,13,0,3728540
2019,5,14,1,3642886
2019,5,15,2,3712632
2019,5,16,3,3725745
2019,5,17,4,3981790
2019,5,18,5,3559238
2019,5,19,6,2862910
2019,5,20,0,3770863
2019,5,21,1,3681996
2019,5,22,2,3550894
2019,5,23,3,3830445
2019,5,24,4,4138518
2019,5,25,5,3774106
2019,5,26,6,3161264
2019,5,27,0,3956744
2019,5,28,1,3037616
2019,5,29,2,4417643
2019,5,30,3,4071351
2019,5,31,4,4824256
2019,6,1,5,4288640
2019,6,2,6,3783175
2019,6,3,0,4166563
2019,6,4,1,4000402
2019,6,5,2,4065601
2019,6,6,3,4112860
2019,6,7,4,4598716
2019,6,8,5,4412281
2019,6,9,6,3488329
2019,6,10,0,3425971
2019,6,11,1,4120365
2019,6,12,2,4046544
2019,6,13,3,4111398
2019,6,14,4,4348130
2019,6,15,5,3926443
2019,6,16,6,3257398
2019,6,17,0,4199378
2019,6,18,1,4067530
2019,6,19,2,4190128
2019,6,20,3,4042565
2019,6,21,4,4524512
2019,6,22,5,4073705
2019,6,23,6,3612451
2019,6,24,0,4411274
2019,6,25,1,4318791
2019,6,26,2,4385147
2019,6,27,3,4516224
2019,6,28,4,4845632
2019,6,29,5,4466073
2019,6,30,6,3749386
2019,7,1,0,4486413
2019,7,2,1,4362094
2019,7,3,2,4427298
2019,7,4,3,4470364
2019,7,5,4,4800517
2019,7,6,5,4656059
2019,7,7,6,3917782
2019,7,8,0,4709107
2019,7,9,1,4615796
2019,7,10,2,4708760
2019,7,11,3,4619037
2019,7,12,4,5105870
2019,7,13,5,5049298
2019,7,14,6,4229157
2019,7,15,0,4908386
2019,7,16,1,4898211
2019,7,17,2,4837033
2019,7,18,3,4947701
2019,7,19,4,5293350
2019,7,20,5,5302753
2019,7,21,6,4536296
2019,7,22,0,5098554
2019,7,23,1,5204805
2019,7,24,2,5609769
2019,7,25,3,5232239
2019,7,26,4,5643003
2019,7,27,5,5577888
2019,7,28,6,4540270
2019,7,29,0,6328701
2019,7,30,1,7003270
2019,7,31,2,10882038
2019,8,1,3,11321466
2019,8,2,4,11434174
2019,8,3,5,11088969
2019,8,4,6,9679051
2019,8,5,0,9110514
2019,8,6,1,5758831
2019,8,7,2,4738396
2019,8,8,3,4583972
2019,8,9,4,4920376
2019,8,10,5,4673011
2019,8,11,6,4125736
2019,8,12,0,4501055
2019,8,13,1,4299707
2019,8,14,2,4649305
2019,8,15,3,4147088
2019,8,16,4,4584473
2019,8,17,5,4328207
2019,8,18,6,3694087
2019,8,19,0,4176330
2019,8,20,1,4059788
2019,8,21,2,4376100
2019,8,22,3,4110658
2019,8,23,4,4340411
2019,8,24,5,4038443
2019,8,25,6,3416909
2019,8,26,0,4251487
2019,8,27,1,4009374
2019,8,28,2,4026706
2019,8,29,3,4110687
2019,8,30,4,4487101
2019,8,31,5,4219265
2019,9,1,6,3334703
2019,9,2,0,4088119
2019,9,3,1,4029404
2019,9,4,2,4198495
2019,9,5,3,4000520
2019,9,6,4,4308213
2019,9,7,5,4009382
2019,9,8,6,3219585
2019,9,9,0,4144038
2019,9,10,1,4020880
2019,9,11,2,4094588
2019,9,12,3,4118397
2019,9,13,4,4453973
2019,9,14,5,4199968
2019,9,15,6,3565181
2019,9,16,0,4151611
2019,9,17,1,3982435
2019,9,18,2,4009374
2019,9,19,3,4035607
2019,9,20,4,4364628
2019,9,21,5,4147189
2019,9,22,6,3322354
2019,9,23,0,4088304
2019,9,24,1,3950375
2019,9,25,2,4118265
2019,9,26,3,4174465
2019,9,27,4,4571328
2019,9,28,5,4421070
2019,9,29,6,3780773
2019,9,30,0,4410878
2019,10,1,1,4201641
2019,10,2,2,4237350
2019,10,3,3,4108318
2019,10,4,4,4572947
2019,10,5,5,4368154
2019,10,6,6,3567520
2019,10,7,0,4511965
2019,10,8,1,4311208
2019,10,9,2,4501641
2019,10,10,3,4459234
2019,10,11,4,4707098
2019,10,12,5,4380942
2019,10,13,6,3654198
2019,10,14,0,4259223
2019,10,15,1,4038707
2019,10,16,2,4104386
2019,10,17,3,4092439
2019,10,18,4,4328882
2019,10,19,5,3907892
2019,10,20,6,3184481
2019,10,21,0,3923679
2019,10,22,1,3801175
2019,10,23,2,3862174
2019,10,24,3,3886337
2019,10,25,4,4239325
2019,10,26,5,3986059
2019,10,27,6,3242273
2019,10,28,0,3969989
2019,10,29,1,3776983
2019,10,30,2,3841323
2019,10,31,3,3988663
2019,11,1,4,3794450
2019,11,2,5,3789728
2019,11,3,6,2902724
2019,11,4,0,3807191
2019,11,5,1,3635831
2019,11,6,2,3675494
2019,11,7,3,3746146
2019,11,8,4,3962660
2019,11,9,5,3582083
2019,11,10,6,2752044
2019,11,11,0,3658184
2019,11,12,1,3579733
2019,11,13,2,3631233
2019,11,14,3,3620282
2019,11,15,4,3889558
2019,11,16,5,3483872
2019,11,17,6,2648702
2019,11,18,0,3655303
2019,11,19,1,4017048
2019,11,20,2,3529962
2019,11,21,3,3580769
2019,11,22,4,3848053
2019,11,23,5,3447801
2019,11,24,6,2678898
2019,11,25,0,3650879
2019,11,26,1,2589091
2019,11,27,2,3680583
2019,11,28,3,3690138
2019,11,29,4,4138048
2019,11,30,5,3673281
2019,12,1,6,2660263
2019,12,2,0,3680985
2019,12,3,1,3543422
2019,12,4,2,3572211
2019,12,5,3,3585924
2019,12,6,4,3924016
2019,12,7,5,3549017
2019,12,8,6,2724002
2019,12,9,0,3631239
2019,12,10,1,3564810
2019,12,11,2,3548970
2019,12,12,3,3650685
2019,12,13,4,3933829
2019,12,14,5,3512069
2019,12,15,6,2756783
2019,12,16,0,3717878
2019,12,17,1,3607276
2019,12,18,2,3746000
2019,12,19,3,3953177
2019,12,20,4,4377884
2019,12,21,5,4422762
2019,12,22,6,3413582
2019,12,23,0,4378610
2019,12,24,1,3702716
2019,12,25,2,3111795
2019,12,26,3,3478925
2019,12,27,4,4219689
2019,12,28,5,4023461
2019,12,29,6,3499053
2019,12,30,0,4349592
2019,12,31,1,3781802
2020,1,1,2,3312153
2020,1,2,3,3759570
2020,1,3,4,3926812
2020,1,4,5,3637315
2020,1,5,6,2878994
2020,1,6,0,3464318
2020,1,7,1,3460562
2020,1,8,2,3405995
2020,1,9,3,3423610
2020,1,10,4,3615975
2020,1,11,5,3296663
2020,1,12,6,2687336
2020,1,13,0,3485431
2020,1,14,1,3406997
2020,1,15,2,3461916
2020,1,16,3,3489280
2020,1,17,4,3853476
2020,1,18,5,3314770
2020,1,19,6,2585319
2020,1,20,0,3526102
2020,1,21,1,3431396
2020,1,22,2,3433461
2020,1,23,3,3423095
2020,1,24,4,3729103
2020,1,25,5,3397465
2020,1,26,6,2665024
2020,1,27,0,3646514
2020,1,28,1,3535613
2020,1,29,2,3582623
2020,1,30,3,3662194
2020,1,31,4,3907708
2020,2,1,5,3433012
2020,2,2,6,2643833
2020,2,3,0,3615922
2020,2,4,1,3516726
2020,2,5,2,3548349
2020,2,6,3,3583047
2020,2,7,4,3837182
2020,2,8,5,3481750
2020,2,9,6,2766994
2020,2,10,0,3591953
2020,2,11,1,3579222
2020,2,12,2,3592539
2020,2,13,3,3593676
2020,2,14,4,3848686
2020,2,15,5,3520420
2020,2,16,6,2781841
2020,2,17,0,3580693
2020,2,18,1,3549984
2020,2,19,2,3523666
2020,2,20,3,3628106
2020,2,21,4,3815426
2020,2,22,5,3496792
2020,2,23,6,2764020
2020,2,24,0,3648090
2020,2,25,1,3556571
2020,2,26,2,3585240
2020,2,27,3,3620132
2020,2,28,4,3913252
2020,2,29,5,3343469
2020,3,1,6,2644425
2020,3,2,0,3613438
2020,3,3,1,3465760
2020,3,4,2,3493246
2020,3,5,3,3444004
2020,3,6,4,3671250
2020,3,7,5,3206189
2020,3,8,6,2630071
2020,3,9,0,3518881
2020,3,10,1,3397929
2020,3,11,2,3582182
2020,3,12,3,3641716
2020,3,13,4,4033905
2020,3,14,5,3023101
2020,3,15,6,2512801
2020,3,16,0,4159761
2020,3,17,1,3584369
2020,3,18,2,3272230
2020,3,19,3,3096201
2020,3,20,4,3034173
2020,3,21,5,2100582
2020,3,22,6,1783236
2020,3,23,0,3069022
2020,3,24,1,2899001
2020,3,25,2,3291444
2020,3,26,3,2892655
2020,3,27,4,2870935
2020,3,28,5,2091526
2020,3,29,6,1670254
2020,3,30,0,2959470
2020,3,31,1,2971854
2020,4,1,2,2823436
2020,4,2,3,2867889
2020,4,3,4,2498987
