year,host,requests
2015,as-01,105487150
2015,as-02,107122538
2015,as-03,109152541
2015,as-04,107571586
2016,as-01,442256819
2016,as-02,442244400
2016,as-03,443141710
2016,as-04,443166195
2017,as-01,396073607
2017,as-02,396094362
2017,as-03,415611838
2017,as-04,415654427
2018,as-01,372014127
2018,as-02,372016622
2018,as-03,373294119
2018,as-04,373297618
2019,as-01,364049620
2019,as-02,364080279
2019,as-03,364948738
2019,as-04,364961525
2020,as-01,77799393
2020,as-02,77792361
2020,as-03,77796549
2020,as-04,77795003
